<?xml version="1.0" encoding="UTF-8" standalone="no" ?>
<multimarker markers="4">
    <marker index="0" status="1">
        <corner x="-3.05" y="-3.05" z="0" />
        <corner x="3.05" y="-3.05" z="0" />
        <corner x="3.05" y="3.05" z="0" />
        <corner x="-3.05" y="3.05" z="0" />
    </marker>
    <marker index="1" status="1">
        <corner x="-3.05" y="6.25" z="0" />
        <corner x="3.05" y="6.25" z="0" />
        <corner x="3.05" y="12.35" z="0" />
        <corner x="-3.05" y="12.35" z="0" />
    </marker>
    <marker index="2" status="1">
        <corner x="7.05" y="6.25" z="0" />
        <corner x="13.15" y="6.25" z="0" />
        <corner x="13.15" y="12.35" z="0" />
        <corner x="7.05" y="12.35" z="0" />
    </marker>
    <marker index="3" status="1">
        <corner x="7.05" y="-3.05" z="0" />
        <corner x="13.15" y="-3.05" z="0" />
        <corner x="13.15" y="3.05" z="0" />
        <corner x="7.05" y="3.05" z="0" />
    </marker>

</multimarker>
